<?xml version="1.0" encoding="utf-8"?>
<ApplicationInstallerManifest>
   <DefaultInstallationDirectory>/Applications/Burke_Medical_Research_Institute/KnobAnalysis/</DefaultInstallationDirectory>
   <ApplicationName>KnobAnalysis</ApplicationName>
   <ExecutableName>application/KnobAnalysis.exe</ExecutableName>
   <GUID>2911f78f-0372-4468-b4b5-1ede2595285e</GUID>
   <ApplicationIcon>default_icon_48.png</ApplicationIcon>
   <Logo>default_logo.png</Logo>
   <Version>1.12</Version>
   <AuthorOrganization>Burke Medical Research Institute</AuthorOrganization>
   <WelcomePanelText>KnobAnalysis 1.12
Sam Butensky
samuel.butensky@gmail.com</WelcomePanelText>
   <MCRProducts>
      <MCRProduct>
         <ExternalProductIdentifier>35000</ExternalProductIdentifier>
      </MCRProduct>
      <MCRProduct>
         <ExternalProductIdentifier>35010</ExternalProductIdentifier>
      </MCRProduct>
   </MCRProducts>
</ApplicationInstallerManifest>