<?xml version="1.0" encoding="utf-8"?>
<ApplicationInstallerManifest>
   <DefaultInstallationDirectory>/Applications/Burke_Medical_Research_Institute/KnobAnalysis/</DefaultInstallationDirectory>
   <ApplicationName>KnobAnalysis</ApplicationName>
   <ExecutableName>application/KnobAnalysis.exe</ExecutableName>
   <GUID>91b82d41-8013-4692-95d2-7448c99c4f1f</GUID>
   <ApplicationIcon>default_icon_48.png</ApplicationIcon>
   <Logo>default_logo.png</Logo>
   <Version>1.13</Version>
   <AuthorOrganization>Burke Medical Research Institute</AuthorOrganization>
   <WelcomePanelText>KnobAnalysis 1.13
Samuel Butensky
samuel.butensky@gmail.com</WelcomePanelText>
   <MCRProducts>
      <MCRProduct>
         <ExternalProductIdentifier>35000</ExternalProductIdentifier>
      </MCRProduct>
      <MCRProduct>
         <ExternalProductIdentifier>35010</ExternalProductIdentifier>
      </MCRProduct>
   </MCRProducts>
</ApplicationInstallerManifest>